{
  "id": "1566654",
  "name": "男士购",
  "font_family": "iconfont",
  "css_prefix_text": "icon-",
  "description": "",
  "glyphs": [
    {
      "icon_id": "7418",
      "name": "返回",
      "font_class": "fanhui",
      "unicode": "e600",
      "unicode_decimal": 58880
    },
    {
      "icon_id": "146917",
      "name": "退款",
      "font_class": "tuikuan",
      "unicode": "e601",
      "unicode_decimal": 58881
    },
    {
      "icon_id": "162881",
      "name": "全部订单",
      "font_class": "quanbudingdan",
      "unicode": "e602",
      "unicode_decimal": 58882
    },
    {
      "icon_id": "356483",
      "name": "消息",
      "font_class": "xiaoxi",
      "unicode": "e634",
      "unicode_decimal": 58932
    },
    {
      "icon_id": "478767",
      "name": "购物车",
      "font_class": "gouwuche",
      "unicode": "e609",
      "unicode_decimal": 58889
    },
    {
      "icon_id": "588770",
      "name": "待评价",
      "font_class": "daipingjia01",
      "unicode": "e627",
      "unicode_decimal": 58919
    },
    {
      "icon_id": "637813",
      "name": "足迹",
      "font_class": "zuji",
      "unicode": "e638",
      "unicode_decimal": 58936
    },
    {
      "icon_id": "689262",
      "name": "类目 品类 分类 类别",
      "font_class": "leimupinleifenleileibie",
      "unicode": "e7f9",
      "unicode_decimal": 59385
    },
    {
      "icon_id": "693705",
      "name": "系统设置",
      "font_class": "xitongshezhi",
      "unicode": "e683",
      "unicode_decimal": 59011
    },
    {
      "icon_id": "714438",
      "name": "搜索",
      "font_class": "sousuo",
      "unicode": "e614",
      "unicode_decimal": 58900
    },
    {
      "icon_id": "714840",
      "name": "钱",
      "font_class": "qian",
      "unicode": "e625",
      "unicode_decimal": 58917
    },
    {
      "icon_id": "796827",
      "name": "更多",
      "font_class": "gengduo",
      "unicode": "e618",
      "unicode_decimal": 58904
    },
    {
      "icon_id": "905458",
      "name": "首页",
      "font_class": "shouye1",
      "unicode": "e6a5",
      "unicode_decimal": 59045
    },
    {
      "icon_id": "1012756",
      "name": "返回",
      "font_class": "iconfontzhizuobiaozhun19",
      "unicode": "e612",
      "unicode_decimal": 58898
    },
    {
      "icon_id": "1107011",
      "name": "积分",
      "font_class": "jifen",
      "unicode": "e624",
      "unicode_decimal": 58916
    },
    {
      "icon_id": "1215554",
      "name": "勾",
      "font_class": "gou",
      "unicode": "e603",
      "unicode_decimal": 58883
    },
    {
      "icon_id": "1406918",
      "name": "好房拓 4.0.0 iconfont 2_店铺收藏",
      "font_class": "haofangtuoiconfont_dianpushoucang",
      "unicode": "e704",
      "unicode_decimal": 59140
    },
    {
      "icon_id": "2116285",
      "name": "下一步",
      "font_class": "next_icon",
      "unicode": "e65f",
      "unicode_decimal": 58975
    },
    {
      "icon_id": "2546218",
      "name": "首页-待付款",
      "font_class": "daifukuan",
      "unicode": "e63f",
      "unicode_decimal": 58943
    },
    {
      "icon_id": "3670110",
      "name": "待收货",
      "font_class": "tubiaolunkuo-",
      "unicode": "e60d",
      "unicode_decimal": 58893
    },
    {
      "icon_id": "3847053",
      "name": "红包",
      "font_class": "hongbao",
      "unicode": "e604",
      "unicode_decimal": 58884
    },
    {
      "icon_id": "5098253",
      "name": "icon_新浪-纯色logo",
      "font_class": "icon_xinlang-chunselogo",
      "unicode": "e65e",
      "unicode_decimal": 58974
    },
    {
      "icon_id": "5270852",
      "name": "收 藏-产品详情",
      "font_class": "shoucang",
      "unicode": "e613",
      "unicode_decimal": 58899
    },
    {
      "icon_id": "5833628",
      "name": "复选框_选中",
      "font_class": "fuxuankuang_xuanzhong",
      "unicode": "e6c2",
      "unicode_decimal": 59074
    },
    {
      "icon_id": "5849181",
      "name": "待收货",
      "font_class": "daishouhuo",
      "unicode": "e605",
      "unicode_decimal": 58885
    },
    {
      "icon_id": "5849198",
      "name": "我的财产",
      "font_class": "wodecaichan",
      "unicode": "e608",
      "unicode_decimal": 58888
    },
    {
      "icon_id": "7090058",
      "name": "收货地址",
      "font_class": "shouhuodizhi",
      "unicode": "e712",
      "unicode_decimal": 59154
    },
    {
      "icon_id": "7192360",
      "name": "设置",
      "font_class": "shezhi",
      "unicode": "e722",
      "unicode_decimal": 59170
    },
    {
      "icon_id": "7991038",
      "name": "充值卡",
      "font_class": "chongzhiqia",
      "unicode": "e6ac",
      "unicode_decimal": 59052
    },
    {
      "icon_id": "8081353",
      "name": "错误",
      "font_class": "iconfront-",
      "unicode": "e606",
      "unicode_decimal": 58886
    },
    {
      "icon_id": "8159861",
      "name": "首页",
      "font_class": "shouye",
      "unicode": "e63b",
      "unicode_decimal": 58939
    },
    {
      "icon_id": "8966571",
      "name": "voucher 代金券",
      "font_class": "voucher",
      "unicode": "e6e9",
      "unicode_decimal": 59113
    },
    {
      "icon_id": "9186714",
      "name": "QQ",
      "font_class": "QQ",
      "unicode": "e667",
      "unicode_decimal": 58983
    },
    {
      "icon_id": "10268394",
      "name": "箭头1_上",
      "font_class": "jiantou_shang",
      "unicode": "e662",
      "unicode_decimal": 58978
    }
  ]
}
